,vN,rN,sigma_BN,I_sc
0,[4320.3031924343],[5634778.05218217],[0.0204350809138571],"[0.025, 0.0, 0.0]"
1,[3793.962407818485],[-2549395.92136925],[0.592432048163409],"[0.0, 0.01, 0.0]"
2,[5012.28929957917],[-2929042.016111572],[0.4762642654170614],"[0.0, 0.0, 0.025]"
