,vN,rN,sigma_BN,I_sc
0,[4320.303192434309],[5634778.052182175],[0.02043508091385715],"[0.025, 0.0, 0.0]"
1,[3793.9624078184856],[-2549395.921369253],[0.5924320481634096],"[0.0, 0.01, 0.0]"
2,[5012.289299579178],[-2929042.0161115727],[0.47626426541706146],"[0.0, 0.0, 0.025]"
